beer_style,drink_products,drink_beer_profiles
,189,44
西海岸IPA,61,111
水果酸艾尔,42,73
皮尔森,29,64
双倍浑浊IPA,29,53
浑浊IPA,28,55
拉格,21,56
科隆,19,48
酸IPA,15,41
德式皮尔森,14,39
双倍干投浑浊IPA,14,24
三倍浑浊IPA,13,24
农舍艾尔,13,20
英式苦啤,12,26
新英格兰帝国IPA,12,25
新英格兰IPA,12,14
三倍干投双倍浑浊IPA,10,17
双倍IPA,10,13
意式皮尔森,9,24
墨西哥拉格,9,23
IPA,9,18
美式淡色艾尔,9,18
IPA - New England / Hazy,9,1
西打,8,23
帝国世涛,8,13
甜点酸艾尔,8,13
野菌艾尔,8,13
淡色艾尔,8,11
西海岸皮尔森,7,16
帝国IPA,7,15
美式IPA,7,14
古斯,7,13
双倍干投双倍浑浊IPA,7,12
三倍IPA,7,10
兰比克,7,10
冰沙酸艾尔,7,10
双倍干投西海岸IPA,7,9
新西兰皮尔森,7,7
意大利皮尔森,6,15
DDH双倍浑浊IPA,6,11
酒花拉格,6,11
现代西海岸IPA,6,10
果泥酸艾尔,6,9
维也纳拉格,6,8
冷IPA,5,16
酸艾尔,5,13
DDH浑浊IPA,5,10
波西米亚皮尔森,5,9
柏林酸小麦,5,8
酸浑浊IPA,5,8
黑拉格,5,8
塞松,5,7
TDH三倍浑浊IPA,5,6
三倍新英格兰IPA,5,6
水果古斯,5,5
DDH西海岸IPA,4,10
大米拉格,4,9
酒花皮尔森,4,9
四倍干投三倍浑浊IPA,4,8
金色艾尔,4,7
比利时小麦,4,6
清亮拉格,3,9
捷克淡色拉格,3,8
西海岸双倍IPA,3,8
多特蒙德出口型拉格,3,7
德式淡色艾尔,3,7
世涛,3,6
日式拉格,3,6
苦啤,3,6
增味拉格,3,5
增味酸艾尔,3,5
新英格兰三倍IPA,3,5
餐桌啤酒,3,5
帝国新英格兰IPA,3,4
捷克皮尔森,3,4
波罗的海波特,3,4
深色拉格,3,4
社交IPA,3,4
蜂蜜酒,3,4
新西兰IPA,3,3
双倍新英格兰IPA,3,2
Farmhouse Ale - Saison,3,1
IPA - American,3,0
三倍干投浑浊IPA,2,7
赛松,2,7
三倍干投三倍浑浊IPA,2,6
野菌拉格,2,6
DDH 浑浊 IPA,2,5
双倍西海岸IPA,2,5
捷克深色拉格,2,5
比利时金色艾尔,2,5
社交西海岸IPA,2,5
麦芽实验啤酒,2,5
DDH双倍西海岸IPA,2,4
小麦啤酒,2,4
帝国浑浊IPA,2,4
新西兰西海岸淡色拉格,2,4
昌盛花草茶苹果酒,2,4
浑浊双倍IPA,2,4
浑浊淡色艾尔,2,4
特级苦啤,2,4
硬苏打,2,4
窖藏拉格,2,4
英式IPA,2,4
超淡色艾尔,2,4
酸赛松,2,4
TDH双倍浑浊IPA,2,3
双倍干投IPA,2,3
双倍干投新英格兰IPA,2,3
双倍酸IPA,2,3
咖啡帝国世涛,2,3
德式小麦,2,3
摩登西海岸IPA,2,3
新西兰淡色艾尔,2,3
水果啤酒,2,3
水果增味硬苏打,2,3
水果柏林酸小麦,2,3
法兰德斯红艾尔,2,3
法式皮尔森,2,3
波兰烟熏小麦,2,3
淡色拉格,2,3
爱尔兰干世涛,2,3
西海岸 IPA,2,3
DDH双倍IPA,2,2
五月博克,2,2
传统法式苹果酒,2,2
原萃绿茶酸艾尔,2,2
双倍干投三倍浑浊IPA,2,2
双倍干投淡色艾尔,2,2
双倍浑浊,2,2
四倍浑浊IPA,2,2
奶油水果果昔酸艾尔,2,2
帝国酸IPA,2,2
水果Cider,2,2
波特,2,2
烟熏拉格,2,2
爱尔兰红色艾尔,2,2
牛奶世涛,2,2
琥珀艾尔,2,2
社交浑浊IPA,2,2
美式拉格,2,2
墨西哥深色拉格,2,2
咖啡世涛,2,1
未来西海岸IPA,2,1
比利时金色烈性艾尔,2,1
IPA - Imperial / Double New England / Hazy,2,0
IPA - Triple New England / Hazy,2,0
Lager - Other,2,0
美式淡拉格,1,9
大西洋苦啤,1,8
酸酒花拉格,1,6
West Coast IPA,1,5
五常大米拉格,1,5
优质淡金拉格,1,5
日式大米拉格,1,5
艾尔,1,5
西海岸淡色艾尔,1,5
黄米拉格,1,5
三倍干投摩登西海岸IPA,1,4
单一世纪酒花西海岸IPA,1,4
复古谷物皮尔森,1,4
夏令甜酿苹果酒,1,4
慕尼黑清亮拉格,1,4
无醇苹果汁,1,4
日式柚子拉格,1,4
木姜子黑莓酸樱桃,1,4
水果酸IPA,1,4
苹果香杏乌龙茶西打,1,4
薄荷荆芥苹果酒,1,4
酸塞松,1,4
酸西海岸IPA,1,4
DDH新西兰淡色艾尔,1,3
XPA,1,3
三倍西海岸IPA,1,3
刺梨蜂蜜干型西打,1,3
双倍干投双倍西海岸IPA,1,3
双倍干投社交IPA,1,3
双葡西打,1,3
图林根烟熏酸,1,3
夏日美式艾尔,1,3
巴伐利亚皮尔森,1,3
日式酒花拉格,1,3
杜塞尔多夫老啤酒,1,3
果啤,1,3
水果苏打,1,3
油柑茉莉酸海棠西打,1,3
海盐拉格,1,3
混合发酵浑浊IPA,1,3
港式冻柠茶西打,1,3
白葡萄海盐酒花酸拉格,1,3
盐渍蜜桃,1,3
美式棕色艾尔,1,3
老艾尔,1,3
英式社交深色艾尔,1,3
英式艾尔,1,3
苹果酒,1,3
荞麦红茶荞麦科隆,1,3
血橙香槟拉格,1,3
西瓜西柚粉芭乐水果酸艾尔,1,3
超干皮尔森,1,3
野菌农舍艾尔,1,3
长白山泉水拉格,1,3
0糖香槟啤酒,1,2
DDH冷IPA,1,2
DDH浑浊双倍IPA,1,2
DDH西海岸皮尔森,1,2
DDH黑IPA,1,2
NEIPA,1,2
TDH帝国浑浊IPA,1,2
TDH浑浊IPA,1,2
TDH西海岸IPA,1,2
TDH酒花饱和艾尔,1,2
三月啤酒,1,2
传统西海岸IPA,1,2
俄罗斯拉格,1,2
最苦啤,1,2
出口世涛,1,2
单一石锤酒花冷IPA,1,2
双倍干投双倍IPA,1,2
双倍干投帝国IPA,1,2
双倍干投浑浊淡色艾尔,1,2
咖啡日式拉格,1,2
咖啡黑麦艾尔,1,2
太平洋淡色艾尔,1,2
小麦,1,2
帝国古斯,1,2
帝国甜点世涛,1,2
康普茶,1,2
弗兰肯农舍拉格,1,2
德式琥珀艾尔,1,2
德式黑拉格,1,2
意式酒花皮尔森,1,2
慕尼黑深色拉格,1,2
新英格兰四倍IPA,1,2
新英格兰帝国 IPA,1,2
新英格兰淡色艾尔,1,2
新西兰酒花皮尔森,1,2
无麸质甜点酸艾尔,1,2
暖甜红枣牛奶世涛,1,2
未过滤拉格,1,2
杜塞尔多夫,1,2
杨梅李子杨桃酸木瓜乌龙茶西打,1,2
杨梅酸艾尔,1,2
果泥水果酸艾尔,1,2
果泥艾尔,1,2
柠檬拉德勒,1,2
柠檬苹果汁,1,2
树莓艾尔,1,2
格尔利茨皮尔森,1,2
梨子西打果酒,1,2
椰奶西瓜绿茶轻果泥西打,1,2
气泡西打酒,1,2
氮气世涛,1,2
水果兰比克,1,2
水果增味西打,1,2
波兰烟熏啤酒,1,2
浑浊 IPA,1,2
清酒酒粕果泥酸艾尔,1,2
滇红酸角风味西打果酒,1,2
潮汕黄皮黄桃酸艾尔,1,2
烈性苦啤,1,2
烟熏酸艾,1,2
猕猴桃西打,1,2
玫瑰树莓葡萄酸艾尔,1,2
现代皮尔森,1,2
石子馍清凉拉格,1,2
硫醇IPA,1,2
社交苦啤,1,2
社交鲜脆IPA,1,2
窖藏博克,1,2
窖藏皮尔森,1,2
紫泥酸艾尔,1,2
红米拉格,1,2
红色艾尔,1,2
红茶西打,1,2
美式淡色拉格,1,2
芒果糯米饭酸艾尔,1,2
芭乐古斯,1,2
英式特级苦啤,1,2
草莓酸艾尔,1,2
蜜酒,1,2
西海岸帝国IPA,1,2
西番莲凤梨酸浑浊IPA,1,2
酒花干投日式大米拉格,1,2
酒花饱和艾尔,1,2
酸樱桃树莓古斯,1,2
金色窑臧拉格,1,2
零糖皮尔森,1,2
饱和型酒花艾尔,1,2
高乐高酸艾尔,1,2
鲜花IPA,1,2
4倍干投三倍浑浊IPA,1,1
American IPA,1,1
Chop IPA,1,1
DDH Wheat Ale,1,1
DDH 浑浊双倍 IPA,1,1
DDH 浑浊双倍IPA,1,1
DDH三倍浑浊IPA,1,1
DDH凤尾鱼西海岸IPA,1,1
DDH双倍浑浊ipa,1,1
DDH双倍西海岸,1,1
DDH帝国IPA,1,1
DDH现代西海岸IPA,1,1
DDH美式淡色艾尔,1,1
DDH超干型西海岸IPA,1,1
DDH酒花拉格,1,1
DDH酸IPA,1,1
ESB,1,1
ESB英式苦啤,1,1
HDMF黄皮酸艾尔,1,1
Helles 拉格,1,1
HVDE帝国浑浊IPA,1,1
IPL,1,1
Milk Stout,1,1
Sour - Fruited,1,1
Sour Hoppy Lager,1,1
TDH三倍干投浑浊IPA,1,1
TDH四倍浑浊IPA,1,1
TDH摩登西海岸IPA,1,1
Unfiltered IPA,1,1
三倍帝国酒花拉格,1,1
三倍干投三倍新英格兰IPA,1,1
三倍干投双倍燕麦奶油浑浊IPA,1,1
三倍干投双倍西海岸IPA,1,1
三倍干投帝国新英格兰帝国IPA,1,1
三倍干投帝国浑浊,1,1
三倍干投西海岸IPA,1,1
三倍酸IPA,1,1
三华李桑葚果泥柏林酸小麦,1,1
三月拉格,1,1
三柠爆珠乌龙西打,1,1
东北玉米拉格,1,1
中式小麦,1,1
中式淡色艾尔,1,1
乳酸菌水果啤酒,1,1
二次糖化三倍干投三倍IPA,1,1
二次糖化双倍干投三倍浑浊IPA,1,1
云南IPA,1,1
五倍干投四倍浑浊IPA,1,1
亚当苹果汁,1,1
京味凉糕佐酸乌梅果干西打,1,1
传统苹果酒,1,1
余甘子风味西打酒,1,1
佛手姜极干算赛松,1,1
傣风味古斯,1,1
农舍小麦艾尔,1,1
农舍棕色酸艾尔,1,1
冬瓜小黄姜寿眉白茶霞多丽,1,1
冰淇淋果泥西打,1,1
冰淇淋酸艾尔,1,1
冰溜世涛,1,1
凤梨柠檬霞多丽青苹果百香果橙花蜜酒,1,1
刺梨木姜子柠檬拉德勒,1,1
加州蒸汽拉格,1,1
匈牙利IPA,1,1
北德风格皮尔森,1,1
单一卡莉斯塔DDH极干IPA,1,1
单一品种纯甜型苹果酒,1,1
单一莫图伊卡酒花皮尔森,1,1
单一西楚双倍浑浊IPA,1,1
单一赤霞珠酸艾尔,1,1
单一马赛克西海岸IPA,1,1
南加州IPA,1,1
双倍干投三倍IPA,1,1
双倍干投冷IPA,1,1
双倍干投单色艾尔,1,1
双倍干投双倍浑浊	DDH IPA,1,1
双倍干投美式IPA,1,1
双倍干投西海岸淡色艾尔,1,1
双倍干投酸浑浊IPA,1,1
双倍新西兰IPA,1,1
双倍浑浊 IPA,1,1
双倍浑浊干投IPA,1,1
双倍浑浊新英格兰IPA,1,1
双倍西海岸,1,1
双拼葡萄冰淇淋果泥古斯,1,1
双料小麦博克,1,1
双柑西打,1,1
双柚龙眼西打,1,1
双重煮出法拉格,1,1
双重葡萄咖啡酸艾尔,1,1
咖啡梅果巧克力酸世涛,1,1
咖啡水果西打,1,1
咸柠七拉格,1,1
哈密瓜椰子橙子香草百花蜜酒,1,1
四倍干投帝国新英格兰IPA,1,1
四倍芒果果泥浑浊IPA,1,1
四倍莓果果泥西打,1,1
地层西楚大耳朵浑浊IPA,1,1
增味小赛松,1,1
增味酸世涛,1,1
复古西海岸IPA,1,1
夏日橘子科隆,1,1
夏黑葡萄茉莉西打,1,1
多倍干投西海岸IPA（五周年版）,1,1
大米酒花拉格,1,1
大米酸艾尔,1,1
太平洋艾尔,1,1
奥地利式淡色拉格,1,1
奶昔酸艾尔,1,1
姜汁菠萝硬苏打,1,1
小红杏·三华李·霞多丽,1,1
小麦茶啤,1,1
山地IPA,1,1
山楂洛神酸艾尔,1,1
巧克力世涛,1,1
巧克力黑生,1,1
巴伐利亚小麦,1,1
帝国大米世涛,1,1
帝国棕色艾尔,1,1
帝国燕麦世涛,1,1
干世涛,1,1
干型浑浊IPA,1,1
干型饼干裸麦艾尔,1,1
干投农舍淡艾,1,1
弗兰克拉格,1,1
德式传统格鲁特啤酒,1,1
德式古斯,1,1
德式橡木桶熟成拉格,1,1
德式深色拉格,1,1
德式清亮啤酒,1,1
意大利风格皮尔森,1,1
手工艾尔,1,1
拉德勒,1,1
捷克经典拉格,1,1
捷克风格皮尔森,1,1
接骨木苹果Cider,1,1
斯洛文尼亚皮尔森,1,1
新中式花草茶,1,1
新古典西海岸DDH DIPA,1,1
新格兰IPA,1,1
新疆和田香妃葡萄干苦啤,1,1
新英格兰 IPA,1,1
新英格兰三倍 IPA,1,1
新英格兰双倍IPA,1,1
新西兰西海岸IPA,1,1
新西兰酒花拉格,1,1
无酒精,1,1
无醇,1,1
无醇IPA,1,1
日式大米皮尔森,1,1
日式玄米拉格,1,1
日本煎茶桂花浑浊IPA,1,1
有机农甜米泥,1,1
朗格多克葡萄酒混酿比利时酸艾尔,1,1
木姜子黑莓酸樱桃酸艾,1,1
未过滤巴伐利亚清凉拉格,1,1
未过滤皮尔森,1,1
杏子增味野菌艾尔,1,1
杏子山楂蔓越莓水果古斯,1,1
杏子野菌艾尔,1,1
杨桃油柑西打,1,1
杨桃芭乐铁观音康普茶,1,1
杨梅果汁西打,1,1
杨梅酸IPA,1,1
杨梅青梅柠檬果泥硬苏打,1,1
极干双倍IPA,1,1
极干西海岸IPA,1,1
极限酒花艾尔,1,1
果泥思慕雪酸艾尔,1,1
果泥西打,1,1
果泥酸艾,1,1
枫糖香草咖啡帝国世涛,1,1
柚子大米拉格,1,1
柚子柠檬仙蒂 / Shandy,1,1
柚香大米拉格,1,1
柠檬拉格,1,1
柠檬茶西打,1,1
柠檬草和热带酸角大王西打,1,1
柳橙酸艾尔 / Orange Sour Ale,1,1
柳橙酸艾尔啤酒,1,1
栀子花沙糖桔风味西打酒,1,1
树莓桶陈野菌农舍艾尔,1,1
栗子奶昔世涛,1,1
格尔利茨皮尔斯,1,1
桂花小麦艾尔,1,1
桂花米酒混酿柏林酸,1,1
桃子果泥酸艾尔,1,1
桃子芒果草莓冰沙果泥,1,1
桶陈增味型农舍艾尔,1,1
桶陈大麦烈酒,1,1
桶陈帝国世涛,1,1
桶陈帝国冬季艾尔,1,1
桶陈酸艾,1,1
棕色艾尔,1,1
榅桲雷司令野菌酸艾尔,1,1
橡木拉格,1,1
武夷山岩茶古斯,1,1
比利时IPA,1,1
比利时三料,1,1
比利时皮尔森,1,1
比利时酒花型塞松,1,1
氮气Pub Ale,1,1
氮气改造版黑拉格,1,1
氮气波特,1,1
水晶琥珀拉格,1,1
水果冰淇淋酸艾尔,1,1
水果增味酸IPA,1,1
水果硬苏打,1,1
水果艾尔,1,1
水果酸艾,1,1
油柑养乐多西打,1,1
油柑古斯,1,1
油柑叶茶纯米特种酸啤,1,1
油柑橄榄西打,1,1
法式餐桌啤酒,1,1
波兰烟熏小麦啤酒,1,1
波本桶帝国世涛,1,1
洋槐枇杷艾尔,1,1
浅色佛兰德酸艾尔,1,1
浆果玫瑰酸艾尔,1,1
浑浊三倍IPA,1,1
海盐古斯,1,1
液态巧克力酸艾尔,1,1
深色淡味啤酒,1,1
深色混酿野菌艾尔,1,1
混合发酵赛松,1,1
混合莓果西打,1,1
滇橄榄古斯,1,1
澳式拉格,1,1
烟熏大米拉格,1,1
热带融合浑浊IPA,1,1
熔岩黑巧蛋糕风味帝国世涛,1,1
爆汁水蜜桃大红袍风味西打,1,1
玉米科隆,1,1
现代IPA,1,1
玳玳花油柑增味西打,1,1
琥珀拉格,1,1
甜品世涛,1,1
甜点奶昔酸艾尔,1,1
甜菜根柏林酸,1,1
生巧提拉米苏帝国世涛,1,1
白葡萄汁海盐酸艾尔,1,1
百香果热带酸艾尔,1,1
社交冷IPA,1,1
社交美式IPA,1,1
祁门红茶橙花蜜酒,1,1
福橘脐橙苹果西打,1,1
科隆风格艾尔,1,1
秦岭稻米拉格,1,1
窖藏慕尼黑深色拉格,1,1
竹香梨西打,1,1
米酒皮尔森,1,1
粉红柠檬拉德乐,1,1
粤桂铁观音硬冰茶,1,1
糯香清茶西打,1,1
红IPA,1,1
纯甜型苹果酒,1,1
绿豆蔻盐渍菠萝古斯,1,1
美式双倍IPA,1,1
美式小麦,1,1
美式波特,1,1
美式西海岸,1,1
美式西海岸IPA,1,1
美式野菌酸艾尔,1,1
胡椒菠芒硬苏打PRO,1,1
芒果帝国IPA,1,1
芒果椰子果泥酸艾尔,1,1
芒果蜜杏橙花蜜酒,1,1
芭乐古斯风味酸啤酒,1,1
花生酱帝国世涛,1,1
英式世涛,1,1
英式大麦烈酒,1,1
英式棕色艾尔,1,1
英式氮气苦啤,1,1
英式波特,1,1
英式淡色艾尔,1,1
英式烈性苦啤,1,1
茉莉花茶拉格,1,1
草莓·酸梅·铁观音·黑皮诺（红葡萄酒）,1,1
草莓树莓西打,1,1
草莓樱桃巧克力酸艾尔,1,1
草莓罗勒冰激凌酸艾尔,1,1
草莓酸奶冰淇淋西打,1,1
荔枝·玫瑰·黑皮诺（红葡萄酒）,1,1
荔枝接骨木西打,1,1
荔枝酸IPA,1,1
莓果岩茶西大,1,1
莓果岩茶西打,1,1
莓果布朗尼酸艾尔,1,1
莓果酸艾尔,1,1
莲雾柚子香茅酸艾,1,1
莲雾苹果梨伯爵茶西打,1,1
萨克森未过滤拉格,1,1
葡萄巧克力酸艾尔,1,1
蓝靛果岩茶西打,1,1
藏式花木苹果酒,1,1
藏式香料Mead,1,1
蜜瓜酸艾尔,1,1
蜜瓜龙双倍干投单一酒花IPA,1,1
融合型IPA,1,1
蟠桃草莓番石榴奶昔古斯,1,1
血橙酸 IPA,1,1
血橙酸古斯,1,1
西打￼,1,1
西打果酒,1,1
西梅柏林酸小麦,1,1
西海岸五月博克,1,1
西海岸酒花皮尔森,1,1
西瓜奇兰乌龙茶西打,1,1
西瓜梅果茶西打,1,1
西瓜西柚海盐硬苏打,1,1
超干德式皮尔森,1,1
超干淡色艾尔,1,1
超干酒花皮尔森,1,1
超深烘超苦黑拉格,1,1
超饱和酒花艾尔,1,1
轻果泥西打,1,1
过干白葡萄酒桶帝国古斯,1,1
过邦穹桶野菌艾尔,1,1
酒花农舍艾尔,1,1
酒花小麦,1,1
酒花帝国西打,1,1
酒花干型苹果酒,1,1
酒花干西打,1,1
酒花科隆,1,1
酸IPL,1,1
酸啤,1,1
酸比利时IPA,1,1
酸混浊IPA,1,1
重瓣玫瑰蜜桃古斯,1,1
重酒花双倍IPA,1,1
野刺梨混酿酸艾尔,1,1
野生蜂蜜西打,1,1
金桔芒果酸艾尔,1,1
钵扎风格酸IPA,1,1
闽南酸梅调料波特,1,1
阳光玫瑰·油柑·茉莉花茶·霞多丽,1,1
陕南大米酒花拉格,1,1
雪山梨山茶花西打,1,1
零糖现代西海岸IPA,1,1
零糖科隆,1,1
霞多丽橡木桶陈赛松,1,1
青提仙人掌栀子乌龙茶西打,1,1
青提百花蜜酒,1,1
青提风味西打,1,1
青提黄皮油柑果昔艾尔,1,1
青柠海盐拉格,1,1
青柠皮尔森,1,1
青柠风格墨西哥拉格,1,1
青橄榄&茉莉花苹果酒,1,1
青橘西打,1,1
青瓜抹茶半干型西打,1,1
青瓜薄荷柏林酸小麦,1,1
风味西打果酒,1,1
饱和酒花浑浊IPA,1,1
香料柚子酸艾尔,1,1
香柚日式清酒拉格,1,1
香柠佛手柑酸混浊IPA,1,1
香槟帝国啤酒,1,1
香茅菠萝西打,1,1
香草IPA,1,1
香草咖啡白世涛,1,1
香蕉小麦,1,1
高密度酒花充注IPA,1,1
高温蒸汽拉格,1,1
鲜榨青芒·青苹果·霞多丽,1,1
黄杏柑橘西打果泥,1,1
黄桃凤梨罐头西打果酒,1,1
黄桃柠檬美式酸IPL,1,1
黄桃白杏酸小麦,1,1
黄桃花魁冰美式水果咖啡西打,1,1
黄皮古斯,1,1
黄色水果酸艾尔,1,1
黑色IPA,1,1
黑色白啤,1,1
黑莓覆盆子酸艾尔,1,1
黑麦IPA,1,1
龙眼莲雾白玉兰西打,1,1
American Pale Ale,1,0
Belgian Farmhouse-Style Ale,1,0
DDH 未来西海岸 IPA,1,0
Fruit Beer,1,0
India Pale Ale / West Coast IPA,1,0
IPA - Session,1,0
Lager - Helles,1,0
Lager - Mexican,1,0
Wheat Beer - Hefeweizen,1,0
Witbier / Belgian Wheat Beer,1,0
双倍酒花皮尔森,1,0
巴伐利亚清凉拉格,1,0
抹茶冰激凌西打,1,0
无醇NFC果汁,1,0
果汁西打,1,0
纽伦堡红啤,1,0
英式琥珀拉格,1,0
莓果大红袍 硬冰茶,1,0
车厘子法兰德斯酸,1,0
青提乌龙茶西打,1,0
水果西打,0,7
美式野菌艾尔,0,5
APA,0,3
UHA,0,3
印度淡色艾尔,0,3
双倍/帝国浑浊IPA,0,3
捷克拉格,0,3
未来西海岸,0,3
酵母悬浮型小麦,0,3
酸 IPA,0,3
DDH India Pale Ale,0,2
DDH IPA,0,2
DDH Pale Ale,0,2
Pale Ale,0,2
三倍干投双倍浑浊 IPA,0,2
三倍浑浊 IPA,0,2
传统拉格,0,2
像桃子酸IPA,0,2
棕色拉格,0,2
混合发酵野菌塞松,0,2
生啤,0,2
社交西海岸IP,0,2
窑臧皮尔森,0,2
美式淡啤,0,2
美式淡艾,0,2
芋泥薰衣草冰淇淋奶昔,0,2
英式湖泊拉格,0,2
西兰花皮尔森,0,2
覆盆子酸塞松,0,2
起泡酒,0,2
酸世涛,0,2
酸农舍艾尔,0,2
陈桶野菌拉格,0,2
0糖皮尔森,0,1
Belgian Tripel,0,1
Blonde Ale,0,1
British Ale,0,1
Dark mild,0,1
DDH,0,1
DDH Double Hazy IPA,0,1
DDH Hazy DIPA,0,1
DIPA,0,1
Double IPA,0,1
Farmhouse Ale,0,1
fresh hops ipa,0,1
Fruited Sour,0,1
Gose,0,1
Guava Strawberry Ale,0,1
Hazy IPA,0,1
HDHC 帝国IPA,0,1
Hefeweizen,0,1
Helles Lager,0,1
Imperial Hazy IPA,0,1
Ipa,0,1
Japanese Lager,0,1
Lambic,0,1
Lichtenhainer,0,1
Modern IPA,0,1
NFC果汁,0,1
Pale Lager,0,1
Porter,0,1
Red Ale,0,1
Saison,0,1
Sour IPA,0,1
Spring Lager,0,1
Stout,0,1
THD帝国浑浊IPA,0,1
Witbier,0,1
三倍NEIPA,0,1
三倍干投三倍浑浊,0,1
三倍干投双倍西海岸,0,1
三倍干投帝国IPA,0,1
三倍干投帝国浑浊IPA,0,1
三倍干投摩登西海岸,0,1
三倍干投摩登西海岸IPA / TDH Modern West Coast IPA,0,1
三倍干投浑浊 IPA,0,1
三倍干投西海岸,0,1
三倍干投酒花三倍IPA,0,1
三倍新英格兰帝国IPA,0,1
三倍西海岸 IPA,0,1
三倍西海岸IPA / 3x West Coast IPA,0,1
三倍酒花饱和艾尔,0,1
三月节日啤酒,0,1
三杯干投双倍浑浊IPA,0,1
上海大米拉格,0,1
中式苦啤,0,1
乌龙茶西打,0,1
九窨茉莉浓香白酒酸,0,1
优质拉格,0,1
低糖拉格,0,1
农舍塞松,0,1
农舍艾尔：塞松,0,1
农舍艾尔塞松,0,1
农舍酸艾尔,0,1
冻柠茶西打,0,1
北境IPA,0,1
单一夏洛浑浊 IPA,0,1
单一夏洛酒花 浑浊IPA,0,1
单一尼尔森浑浊 IPA,0,1
单一尼尔森酒花拉格,0,1
单一西楚四倍浑浊IPA,0,1
单一酒花冷IPA,0,1
单一酒花皮尔森,0,1
单一酒花皮尔森2.0啤酒,0,1
博克,0,1
印度淡色拉格,0,1
双倍干投单一酒花西海岸IPA,0,1
双倍干投双倍西海岸,0,1
双倍干投帝国新英格兰IPA,0,1
双倍干投帝国浑浊IPA,0,1
双倍干投帝国浑浊IPA / DDH Imperial Hazy IPA,0,1
双倍干投浑浊 IPA,0,1
双倍干投西海岸,0,1
双倍干投酒花IPA,0,1
双倍干投酒花酸IPA,0,1
双倍浑浊ipa,0,1
双倍西海岸 IPA,0,1
双倍香草拿铁帝国世涛,0,1
双料博克,0,1
双柚龙眼西打果酒,0,1
发泡酒,0,1
可可深色拉格,0,1
咖啡波特,0,1
哈密瓜百花Mead,0,1
复古赛松,0,1
多汁艾尔,0,1
多特蒙德出口拉格,0,1
奶油水果奶昔酸艾尔,0,1
小米辣滇橄榄古斯,0,1
巨峰葡萄酸艾尔,0,1
巴伐利亚清亮拉格,0,1
帝国奶昔酸IPA,0,1
干投酒花皮尔森,0,1
干西打,0,1
弗兰肯拉格,0,1
德式小麦 Wheat,0,1
德式过桶拉格,0,1
意大利IPA,0,1
意大利皮尔斯,0,1
慕尼黑清亮拉格 / Munich Helles,0,1
手工格瓦斯,0,1
抹茶果泥,0,1
捷克优质淡色拉格,0,1
摩登IPA,0,1
摩登西海岸 IPA,0,1
整米拉格,0,1
新英格兰帝国印度淡色艾尔,0,1
新西兰酒花西海岸IPA,0,1
无醇柚子金汤力,0,1
日式生啤,0,1
日本大米拉格,0,1
日本柚子拉格,0,1
日本经典拉格,0,1
春季博克,0,1
春季拉格,0,1
未过滤德式皮尔森,0,1
未过滤版 双倍干投西海岸IPA,0,1
机打鸡尾酒,0,1
杏仁豆腐 Cider,0,1
杨桃青苹果青提茉莉西打果酒,0,1
杨梅冰酪西打,0,1
杨梅李子杨桃,0,1
杨梅莓果红茶酸艾尔,0,1
极干柠檬草酒花塞松,0,1
果泥/甜点酸艾尔,0,1
果泥Cider,0,1
柚子山茶花西打果酒,0,1
柠檬皮尔森,0,1
柠檬磅蛋糕酸艾尔,0,1
栀子花蜂蜜啤酒,0,1
栀香乌龙莓果古斯,0,1
栗子风味帝国世涛,0,1
格鲁特,0,1
桂子油/柠檬/薄荷槟郎爆米花威士忌酸,0,1
桃子酒花塞松,0,1
桔子辣椒 Cider,0,1
桶陈世涛,0,1
桶陈混合发酵酸艾尔,0,1
桶陈美式野菌艾尔,0,1
桶陈野菌世涛,0,1
桶陈野菌拉格,0,1
桶陈野菌艾尔,0,1
桶陈野菌赛松,0,1
椰香西瓜绿茶轻果泥西打,0,1
樱桃兰比克,0,1
橘子柠檬茉莉花茶西达,0,1
欧式拉格,0,1
比利时烈性艾尔,0,1
比利时风格拉格,0,1
水晶小麦,0,1
水晶拉格,0,1
水果增味苹果…,0,1
水果增味苹果西打,0,1
水果奶昔IPA,0,1
水果拉格,0,1
水果蜂蜜酒,0,1
汝拉帝国世涛,0,1
没事淡拉格,0,1
法式苹果酒,0,1
法式酒花拉格,0,1
波本帝国世涛,0,1
波本桶陈帝国世涛,0,1
流体果泥,0,1
浑浊/新英格兰IPA,0,1
浓苦啤,0,1
海盐古斯酸啤,0,1
淡艾,0,1
深色艾尔,0,1
混合发酵酸IPA,0,1
混浊IPA,0,1
混酿野菌艾尔,0,1
混酿野菌酸塞松,0,1
混酿香槟IPA,0,1
清亮博克,0,1
火麻仁草本拉格,0,1
烟熏三月啤酒,0,1
烟熏啤酒,0,1
烟熏深色拉格,0,1
烟熏酸艾尔,0,1
烟熏野菌西打,0,1
熔岩黑巧蛋糕帝国世涛,0,1
熔岩黑巧蛋糕石涛,0,1
蒸汽拉格,0,1
蒸汽酒花拉格,0,1
燕麦世涛,0,1
玉米拉格,0,1
玫珑蜜瓜/椰子水/伏特加/金酒,0,1
玫瑰红茶蜂蜜酒,0,1
琥珀窖藏拉格,0,1
甘蔗马蹄余甘子西打,0,1
甜点艾尔,0,1
番茄百香果菠萝酸艾,0,1
番茄百香果菠萝酸艾尔,0,1
白葡萄/花香/白葡萄酒,0,1
皮尔斯,0,1
石涛,0,1
硬冰茶,0,1
社交英式苦啤,0,1
科隆 / Kölsch,0,1
科隆啤酒,0,1
科隆淡啤,0,1
科隆风格啤酒,0,1
窖藏啤酒,0,1
窖藏皮尔森 / Aged Pilsner,0,1
粉红柠檬拉德勒,0,1
粉芭乐柠檬茉莉花茶西达,0,1
紫糯米拉格,0,1
红柚水果拉德勒,0,1
红色裸麦IPA,0,1
红色酸艾尔,0,1
红醋栗樱桃桶陈蜂蜜酒,0,1
红颜草莓·酸梅·铁观音·黑皮诺,0,1
经典农舍赛松,0,1
经典捷克拉格,0,1
绿茶酸艾尔,0,1
罗勒柠檬古斯,0,1
美式小麦 / Wheat,0,1
美式淡色艾尔 / American Pale Ale,0,1
节日啤酒,0,1
芋泥奶昔艾尔,0,1
芒果柑橘酸艾尔,0,1
芭乐/水蜜桃/茉莉花茶/伏特加,0,1
英式Ale,0,1
英式大麦酒,0,1
英式柔和艾尔,0,1
苹果,0,1
苹果西打,0,1
茉莉小麦,0,1
茉莉蜂蜜啤酒,0,1
茉莉香米拉格,0,1
茶色波特,0,1
茶香小麦,0,1
草本檀香橄榄酸IPA,0,1
草莓拉格,0,1
草莓火龙果思慕雪,0,1
草莓艾尔,0,1
莓果 Cider,0,1
莓果冻柠茶西打,0,1
莓果古斯艾尔,0,1
莓果果汁西打,0,1
莓果椒树花 Mead,0,1
葡萄冰淇淋古斯,0,1
葡萄艾尔啤酒,0,1
葡萄西打,0,1
葡萄酒陈桶 北法窖藏,0,1
蓝莓桃子酸IPA,0,1
蔓延黑生,0,1
蜜桃黄皮果泥西打,0,1
西北海岸IPA,0,1
西打酒,0,1
西拉世涛,0,1
西海岸皮尔斯,0,1
西海岸美式淡色艾尔,0,1
西海岸酸IPA,0,1
西瓜/薄荷/茉莉花茶/金酒/伏特加,0,1
西瓜西打果酒,0,1
西达,0,1
贵兹兰比克,0,1
超干社交美式淡艾,0,1
超干美式淡艾,0,1
超淡色艾尔 / Extra Pale Ale,0,1
超级淡色艾尔,0,1
轻硫醇皮尔森,0,1
轻硫醇皮尔森 / Thiol Pilsner,0,1
过桶帝国世涛,0,1
过红酒桶酸艾尔,0,1
酒花大米拉格,0,1
酒花柠檬拉德勒 / Hoppy Lemon Radler,0,1
酒花皮尔森 Pilsner,0,1
酒花酸拉格,0,1
酸双倍冷 IPA,0,1
酸塞松 Saison,0,1
酸拉格,0,1
酸比利时ipa,0,1
酸波特,0,1
酸浑浊IPA / Sour Hazy IPA,0,1
野菌,0,1
野菌农舍塞松,0,1
野菌西打,0,1
野菌赛松,0,1
野菌酸艾,0,1
野菌酸艾尔,0,1
金色窖藏拉格,0,1
金酒/汤力水/黄柠/青柠,0,1
金麦,0,1
长白山冰葡萄西打,0,1
雅基玛皮尔森,0,1
青提乌龙Cider,0,1
青提竹香梨西打,0,1
青提青苹果西打,0,1
青瓜椒树花 Mead,0,1
青瓜科隆,0,1
青芒生椰优格酸奶果昔艾尔,0,1
青苹果/白梨/伏特加,0,1
饱和干投酒花烈性艾尔,0,1
鲜酒花IPA,0,1
黄桃烤椰酸艾尔,0,1
黑莓农舍艾尔,0,1
