candidate_id,confidence,recommended_action,name,name_en,aliases,brand_name,brewery,beer_style,abv,ibu,country,origin_region,image_url,description,tasting_note,status,source,source_drink_count,source_tenant_count,public_visible_count,enabled_count,source_drink_ids,source_tenant_ids,source_names,source_brand_names,source_breweries,review_note
candidate_0291,exact_brand_name_match,create_product_then_link_source_drinks,泡泡浴,,,Alus,Alus,日式柚子拉格,5.1,,深圳,,https://agtujigvxxdppngirqtu.supabase.co/storage/v1/object/public/taplist-media/3d6cb427-a8c3-4583-a7c4-5a3ad9f5f787/drinks/bf585bd3-9a78-4c17-ad7e-327340cd6abd/_____20260604223640_97_60.jpg,,,active,production_drinks_2026-06-30_conservative_exact_key,5,4,2,5,bf585bd3-9a78-4c17-ad7e-327340cd6abd|cb23ecc2-dce3-4519-a6ad-83848d69b15a|8a4db5ad-ea3e-487e-8254-f098879b2343|c463fc75-47bd-44ed-a011-fb120867de0e|7198042c-626d-4fa5-ad6c-eb883a6165e5,3d6cb427-a8c3-4583-a7c4-5a3ad9f5f787|57d005da-1193-4bd2-955a-ef6b9653516d|81a90487-39c9-46bb-b221-68ff631275d6|c3af90db-9734-4750-927c-38f6b37fb3e0,泡泡浴,Alus,Alus,Exact normalized brand+name matched. Still review before merging if packaging/bar-specific naming differs.
candidate_0322,exact_brand_name_match,create_product_then_link_source_drinks,饼干,,,Alus,Alus,德式皮尔森,5.2,,深圳,,https://agtujigvxxdppngirqtu.supabase.co/storage/v1/object/public/taplist-media/82bf1237-e90c-4379-a2bc-a6dad2726b93/drinks/541585e6-4440-479f-a306-ee145de58a17/no-menu-beer-artwork__4_.jpg,,,active,production_drinks_2026-06-30_conservative_exact_key,3,3,1,3,fabc796c-cd3e-4bdd-9e2a-d408081d5323|af551b53-d9e8-47c4-ac8f-9da701f9fbbb|541585e6-4440-479f-a306-ee145de58a17,57d005da-1193-4bd2-955a-ef6b9653516d|283206e3-22d9-4a54-b8a5-70694b1ec062|82bf1237-e90c-4379-a2bc-a6dad2726b93,饼干,Alus,Alus,Exact normalized brand+name matched. Still review before merging if packaging/bar-specific naming differs.
candidate_0509,exact_brand_name_match,create_product_then_link_source_drinks,狄俄尼索斯的眼泪,,,退界,退界,白葡萄海盐酒花酸拉格,6,,成都,,https://agtujigvxxdppngirqtu.supabase.co/storage/v1/object/public/taplist-media/7aa1147c-5c8b-4c68-bc11-56ce34608689/drinks/9c6dd799-7f8c-44ce-b912-95fb85e0f35d/no-menu-beer-artwork__64_.jpg,葡萄汁水的鲜活进发中段透出矿物与草本,葡萄汁水的鲜活进发中段透出矿物与草本,active,production_drinks_2026-06-30_conservative_exact_key,3,3,2,3,9c6dd799-7f8c-44ce-b912-95fb85e0f35d|d681ca8e-2f25-46fe-9e70-bc4bdd78f531|624eb27a-c715-4e04-bb2a-46b839cb7111,7aa1147c-5c8b-4c68-bc11-56ce34608689|494bcf1f-8346-480f-a396-204b104c9313|283206e3-22d9-4a54-b8a5-70694b1ec062,狄俄尼索斯的眼泪,退界,退界,Exact normalized brand+name matched. Still review before merging if packaging/bar-specific naming differs.
candidate_0387,exact_brand_name_match,create_product_then_link_source_drinks,黑武士,,,玄水屋,玄水屋,水果酸艾尔,4.2,,西安,,https://agtujigvxxdppngirqtu.supabase.co/storage/v1/object/public/taplist-media/d897a73b-37fb-4c57-af0f-79d8759173cb/drinks/7dd63e93-6d77-406d-94f3-b878b3e265da/no-menu-beer-artwork__86_.jpg,,,active,production_drinks_2026-06-30_conservative_exact_key,3,3,1,3,6735f156-12dd-48b6-9b99-ef372bf0a8e4|7dd63e93-6d77-406d-94f3-b878b3e265da|b9f80a82-f1e8-4c6f-8ff2-703c5dbdaa16,283206e3-22d9-4a54-b8a5-70694b1ec062|d897a73b-37fb-4c57-af0f-79d8759173cb|7cce9b27-acd5-4bdc-a302-153c8245a1c1,黑武士,玄水屋,玄水屋,Exact normalized brand+name matched. Still review before merging if packaging/bar-specific naming differs.
candidate_0396,exact_brand_name_match,create_product_then_link_source_drinks,酒花大盗,,,Deadman,Deadman,双倍IPA,8,,香港,,https://agtujigvxxdppngirqtu.supabase.co/storage/v1/object/public/taplist-media/81a90487-39c9-46bb-b221-68ff631275d6/drinks/e4fb40f2-af9b-423f-a95a-94c728a3cdb8/no-menu-beer-artwork__18_.jpg,,,active,production_drinks_2026-06-30_conservative_exact_key,3,2,2,3,e4fb40f2-af9b-423f-a95a-94c728a3cdb8|699e8493-a68c-4d21-b68f-1bd6ba2b5146|acea536b-e527-460f-a436-e74b73e9fd1c,81a90487-39c9-46bb-b221-68ff631275d6|82bf1237-e90c-4379-a2bc-a6dad2726b93,酒花大盗,Deadman,Deadman,Exact normalized brand+name matched. Still review before merging if packaging/bar-specific naming differs.
candidate_0159,exact_brand_name_match,create_product_then_link_source_drinks,喵醺,,,Alus,Alus,,,,,,https://agtujigvxxdppngirqtu.supabase.co/storage/v1/object/public/taplist-media/81a90487-39c9-46bb-b221-68ff631275d6/drinks/a21803a7-2d2b-47ee-8bf0-e794e10744e3/no-menu-beer-artwork__26_.jpg,,,active,production_drinks_2026-06-30_conservative_exact_key,3,2,0,1,493f723f-4886-47cb-ad52-9bf7348163b5|a21803a7-2d2b-47ee-8bf0-e794e10744e3|2bebe397-2f85-48a5-8799-5250ff20b541,81a90487-39c9-46bb-b221-68ff631275d6|c3af90db-9734-4750-927c-38f6b37fb3e0,喵醺,Alus,Alus,Exact normalized brand+name matched. Still review before merging if packaging/bar-specific naming differs.
candidate_0173,exact_brand_name_match,create_product_then_link_source_drinks,南方,,,Alus,Alus,,,,,,https://agtujigvxxdppngirqtu.supabase.co/storage/v1/object/public/taplist-media/81a90487-39c9-46bb-b221-68ff631275d6/drinks/ece461ac-2c0b-4c6d-bd91-0cac5bb7d8a4/no-menu-beer-artwork__1_.jpg,,,active,production_drinks_2026-06-30_conservative_exact_key,3,2,0,3,ece461ac-2c0b-4c6d-bd91-0cac5bb7d8a4|e7dde07b-11d6-4310-86fb-91d8ad0eac28|7771ff07-fcdc-427c-a354-335051e917ca,81a90487-39c9-46bb-b221-68ff631275d6|7aa1147c-5c8b-4c68-bc11-56ce34608689,南方,Alus,Alus,Exact normalized brand+name matched. Still review before merging if packaging/bar-specific naming differs.
candidate_0329,exact_brand_name_match,create_product_then_link_source_drinks,想象中的雨,,,Fever,Fever,农舍艾尔塞松,4.6,,西安,,https://agtujigvxxdppngirqtu.supabase.co/storage/v1/object/public/taplist-media/1cff208a-4424-4867-966d-a7839ac59f6f/drinks/94d157cd-cad5-4db7-9c0f-52f510ef694d/no-menu-beer-artwork__95_.jpg,,,active,production_drinks_2026-06-30_conservative_exact_key,3,3,2,3,94d157cd-cad5-4db7-9c0f-52f510ef694d|6ac05b76-0976-4939-b37a-bddbc85b7a03|945ed276-5436-4b11-b570-ba7c45bf2377,1cff208a-4424-4867-966d-a7839ac59f6f|494bcf1f-8346-480f-a396-204b104c9313|26597d55-8a12-4185-b3ef-cb9a3ac1773a,想象中的雨,Fever|FEVER,Fever|FEVER,Exact normalized brand+name matched. Still review before merging if packaging/bar-specific naming differs.
candidate_0280,exact_brand_name_match,create_product_then_link_source_drinks,晓夫,,,退界,退界,墨西哥拉格,4.3,,成都,,https://agtujigvxxdppngirqtu.supabase.co/storage/v1/object/public/taplist-media/c3af90db-9734-4750-927c-38f6b37fb3e0/drinks/88d10062-8afb-4c24-a230-4a913d041493/no-menu-beer-artwork_-_2026-06-07T201741.747.jpg,,,active,production_drinks_2026-06-30_conservative_exact_key,3,3,1,3,88d10062-8afb-4c24-a230-4a913d041493|7ecf0b7c-ddb3-42a9-a9bc-5c5b3a1edf39|13a3b7e5-1dd9-4b66-8284-920b0e8ac946,c3af90db-9734-4750-927c-38f6b37fb3e0|57d005da-1193-4bd2-955a-ef6b9653516d|a4f4002f-fccd-41dd-bbc5-153d30fc5385,晓夫,退界,退界,Exact normalized brand+name matched. Still review before merging if packaging/bar-specific naming differs.
candidate_0175,exact_brand_name_match,create_product_then_link_source_drinks,依帕,,,赤屿谷盗,赤屿谷盗,西海岸 IPA,5.7,30,海南,,https://agtujigvxxdppngirqtu.supabase.co/storage/v1/object/public/taplist-media/d897a73b-37fb-4c57-af0f-79d8759173cb/drinks/8ddeccdf-1951-4563-a48a-d313efba1523/no-menu-beer-artwork__47_.jpg,,,active,production_drinks_2026-06-30_conservative_exact_key,3,3,2,3,4d1da7d9-8b21-4706-b535-355b9ff70103|8ddeccdf-1951-4563-a48a-d313efba1523|fb7b89d5-a7b5-4813-86ee-9286275cabd6,4d1da7d9-8b21-4706-b535-355b9ff79388|d897a73b-37fb-4c57-af0f-79d8759173cb|2c191730-69f6-4031-8256-91aa59e5bc52,依帕,赤屿谷盗,赤屿谷盗|赤峪谷盈,Exact normalized brand+name matched. Still review before merging if packaging/bar-specific naming differs.
candidate_0355,exact_brand_name_match,create_product_then_link_source_drinks,阿罗哈POG西打,,,佳卡哈,佳卡哈,,,,,,https://agtujigvxxdppngirqtu.supabase.co/storage/v1/object/public/taplist-media/494bcf1f-8346-480f-a396-204b104c9313/drinks/b73ea8ab-168d-4857-b2ca-0c88c65d27ba/no-menu-beer-artwork__5_.jpg,,,active,production_drinks_2026-06-30_conservative_exact_key,2,2,0,2,558647b4-cdd4-43e1-b137-6de18c2019f8|b73ea8ab-168d-4857-b2ca-0c88c65d27ba,7aa1147c-5c8b-4c68-bc11-56ce34608689|494bcf1f-8346-480f-a396-204b104c9313,阿罗哈POG西打,佳卡哈,佳卡哈,Exact normalized brand+name matched. Still review before merging if packaging/bar-specific naming differs.
candidate_0464,exact_brand_name_match,create_product_then_link_source_drinks,白拉格2026,,,Fever,Fever,,,,,,https://agtujigvxxdppngirqtu.supabase.co/storage/v1/object/public/taplist-media/7cce9b27-acd5-4bdc-a302-153c8245a1c1/drinks/a734c1a9-99c4-4060-a901-b410cd9cdccf/no-menu-beer-artwork__24_.jpg,,,active,production_drinks_2026-06-30_conservative_exact_key,2,2,0,2,a734c1a9-99c4-4060-a901-b410cd9cdccf|b43a966c-5c24-4602-8073-d6cee91bec59,7cce9b27-acd5-4bdc-a302-153c8245a1c1|283206e3-22d9-4a54-b8a5-70694b1ec062,白拉格2026,Fever,Fever,Exact normalized brand+name matched. Still review before merging if packaging/bar-specific naming differs.
candidate_0431,exact_brand_name_match,create_product_then_link_source_drinks,白日梦,,,辉光,辉光,,,,,,https://agtujigvxxdppngirqtu.supabase.co/storage/v1/object/public/taplist-media/c3af90db-9734-4750-927c-38f6b37fb3e0/drinks/545fd669-0d8c-4aac-b24c-6a3cde97ff52/______.png,,,active,production_drinks_2026-06-30_conservative_exact_key,2,2,0,2,545fd669-0d8c-4aac-b24c-6a3cde97ff52|720a7dcc-769f-43d3-b427-7b18dc9401c8,c3af90db-9734-4750-927c-38f6b37fb3e0|283206e3-22d9-4a54-b8a5-70694b1ec062,白日梦,辉光,辉光,Exact normalized brand+name matched. Still review before merging if packaging/bar-specific naming differs.
candidate_0234,exact_brand_name_match,create_product_then_link_source_drinks,白天使,,,玄水屋,玄水屋,,,,,,https://agtujigvxxdppngirqtu.supabase.co/storage/v1/object/public/taplist-media/283206e3-22d9-4a54-b8a5-70694b1ec062/drinks/78f27fb8-ffcc-4ced-8f13-c98cd3cb3034/no-menu-beer-artwork_-_2026-06-07T193736.739.jpg,,,active,production_drinks_2026-06-30_conservative_exact_key,2,2,0,2,2408feaa-3bca-4eb8-8036-90c30ee5b25b|78f27fb8-ffcc-4ced-8f13-c98cd3cb3034,d897a73b-37fb-4c57-af0f-79d8759173cb|283206e3-22d9-4a54-b8a5-70694b1ec062,白天使,玄水屋,玄水屋,Exact normalized brand+name matched. Still review before merging if packaging/bar-specific naming differs.
candidate_0179,exact_brand_name_match,create_product_then_link_source_drinks,北地显影,,,蔓延,蔓延,,,,,,,,,active,production_drinks_2026-06-30_conservative_exact_key,2,2,0,2,4d1da7d9-8b21-4706-b535-355b9ff70102|60161074-2410-42f8-b5a4-8a3c65593fab,4d1da7d9-8b21-4706-b535-355b9ff79388|57d005da-1193-4bd2-955a-ef6b9653516d,北地显影,蔓延,蔓延,Exact normalized brand+name matched. Still review before merging if packaging/bar-specific naming differs.
candidate_0503,exact_brand_name_match,create_product_then_link_source_drinks,潮汐热吻,,,以及,以及,,,,,,https://agtujigvxxdppngirqtu.supabase.co/storage/v1/object/public/taplist-media/81a90487-39c9-46bb-b221-68ff631275d6/drinks/d367fdfd-b335-4c60-8700-3dbdf27cc269/no-menu-beer-artwork__60_.jpg,,,active,production_drinks_2026-06-30_conservative_exact_key,2,1,0,2,c991c37a-8b4b-4ec5-a146-b0e32c9fe0f2|d367fdfd-b335-4c60-8700-3dbdf27cc269,81a90487-39c9-46bb-b221-68ff631275d6,潮汐热吻,以及,以及,Exact normalized brand+name matched. Still review before merging if packaging/bar-specific naming differs.
candidate_0350,exact_brand_name_match,create_product_then_link_source_drinks,从我的吧台滚出去,,,Liquid's Tag,Liquid's Tag,西海岸IPA,6.3,,上海,,https://agtujigvxxdppngirqtu.supabase.co/storage/v1/object/public/taplist-media/494bcf1f-8346-480f-a396-204b104c9313/drinks/0f5ddbd1-a1d8-485d-a08b-1bd59fc8afd8/no-menu-beer-artwork__2_.jpg,,,active,production_drinks_2026-06-30_conservative_exact_key,2,2,1,2,816640be-c4d6-4579-98b7-93cbe3036852|0f5ddbd1-a1d8-485d-a08b-1bd59fc8afd8,7aa1147c-5c8b-4c68-bc11-56ce34608689|494bcf1f-8346-480f-a396-204b104c9313,从我的吧台滚出去,Liquid's Tag,Liquid's Tag,Exact normalized brand+name matched. Still review before merging if packaging/bar-specific naming differs.
candidate_0511,exact_brand_name_match,create_product_then_link_source_drinks,大师的疯狂,,,蔓延,蔓延,浑浊IPA,7,,武汉,,https://agtujigvxxdppngirqtu.supabase.co/storage/v1/object/public/taplist-media/da21ab4e-93f7-49ca-8318-15fcbae24a93/drinks/b42fb32a-927e-44de-af61-ad668be63819/no-menu-beer-artwork__65_.jpg,,,active,production_drinks_2026-06-30_conservative_exact_key,2,2,1,2,b42fb32a-927e-44de-af61-ad668be63819|5cd36ffd-0d89-40c1-b503-8430d4a74f96,da21ab4e-93f7-49ca-8318-15fcbae24a93|494bcf1f-8346-480f-a396-204b104c9313,大师的疯狂,蔓延,蔓延,Exact normalized brand+name matched. Still review before merging if packaging/bar-specific naming differs.
candidate_0354,exact_brand_name_match,create_product_then_link_source_drinks,风暴中心 金桔芒果酸,,,云朴精酿,云朴精酿,水果酸艾尔,5,,昆明,,https://agtujigvxxdppngirqtu.supabase.co/storage/v1/object/public/taplist-media/494bcf1f-8346-480f-a396-204b104c9313/drinks/59e6b7d7-e251-4a9a-ad99-bbcb908732b7/no-menu-beer-artwork__4_.jpg,,,active,production_drinks_2026-06-30_conservative_exact_key,2,2,1,2,3ba6d6d9-3265-486c-81bb-968519bbe479|59e6b7d7-e251-4a9a-ad99-bbcb908732b7,7aa1147c-5c8b-4c68-bc11-56ce34608689|494bcf1f-8346-480f-a396-204b104c9313,风暴中心 金桔芒果酸,云朴精酿,云朴精酿,Exact normalized brand+name matched. Still review before merging if packaging/bar-specific naming differs.
candidate_0424,exact_brand_name_match,create_product_then_link_source_drinks,浮柚,,,云泥,云泥,水果增味西打,7,,昆明,,https://agtujigvxxdppngirqtu.supabase.co/storage/v1/object/public/taplist-media/82bf1237-e90c-4379-a2bc-a6dad2726b93/drinks/11d1c95f-1951-4d54-83ed-6c52c5d06777/no-menu-beer-artwork__5_.jpg,,,active,production_drinks_2026-06-30_conservative_exact_key,2,2,1,2,cf260c55-1df1-4b31-b071-d54709c396c2|11d1c95f-1951-4d54-83ed-6c52c5d06777,57d005da-1193-4bd2-955a-ef6b9653516d|82bf1237-e90c-4379-a2bc-a6dad2726b93,浮柚,云泥,云泥,Exact normalized brand+name matched. Still review before merging if packaging/bar-specific naming differs.
candidate_0191,exact_brand_name_match,create_product_then_link_source_drinks,副本,,,浦江半岛,浦江半岛,,,,,,https://agtujigvxxdppngirqtu.supabase.co/storage/v1/object/public/taplist-media/4d1da7d9-8b21-4706-b535-355b9ff79388/drinks/4d1da7d9-8b21-4706-b535-355b9ff70105/no-menu-beer-artwork__17_.jpg,,,active,production_drinks_2026-06-30_conservative_exact_key,2,2,0,2,4d1da7d9-8b21-4706-b535-355b9ff70105|41a7c973-03e8-423a-9829-16ccc1ddb9d1,4d1da7d9-8b21-4706-b535-355b9ff79388|13b6f277-ab0d-4c19-ba8a-d97a5af9f51d,副本,浦江半岛,浦江半岛,Exact normalized brand+name matched. Still review before merging if packaging/bar-specific naming differs.
candidate_0301,exact_brand_name_match,create_product_then_link_source_drinks,谷仓金,,,Fever,Fever,金色窑臧拉格,5.9,,西安,,https://agtujigvxxdppngirqtu.supabase.co/storage/v1/object/public/taplist-media/81a90487-39c9-46bb-b221-68ff631275d6/drinks/cf0db959-5861-404d-b2c4-b2267093eced/no-menu-beer-artwork__30_.jpg,,,active,production_drinks_2026-06-30_conservative_exact_key,2,2,1,2,0fcfe276-265d-423d-b0a6-f4786621e491|cf0db959-5861-404d-b2c4-b2267093eced,57d005da-1193-4bd2-955a-ef6b9653516d|81a90487-39c9-46bb-b221-68ff631275d6,谷仓金,Fever|FEVER,Fever|FEVER,Exact normalized brand+name matched. Still review before merging if packaging/bar-specific naming differs.
candidate_0162,exact_brand_name_match,create_product_then_link_source_drinks,谷仓铜,,,Fever,Fever,,,,,,https://agtujigvxxdppngirqtu.supabase.co/storage/v1/object/public/taplist-media/2c191730-69f6-4031-8256-91aa59e5bc52/drinks/6fc0f737-7b31-416f-b5aa-f197d20a416e/no-menu-beer-artwork__70_.jpg,,,active,production_drinks_2026-06-30_conservative_exact_key,2,2,0,1,04045c1e-642a-467f-be0c-3cf1031f1b70|6fc0f737-7b31-416f-b5aa-f197d20a416e,81a90487-39c9-46bb-b221-68ff631275d6|2c191730-69f6-4031-8256-91aa59e5bc52,谷仓铜,Fever|FEVER,Fever|FEVER,Exact normalized brand+name matched. Still review before merging if packaging/bar-specific naming differs.
candidate_0144,exact_brand_name_match,create_product_then_link_source_drinks,拐点,,,蔓延,蔓延,,,,,,,,,active,production_drinks_2026-06-30_conservative_exact_key,2,1,0,0,ea0c90ef-16dd-4130-9598-8bdf307d7733|ba9b8530-54f2-4c76-9d5b-132044ee4adb,81a90487-39c9-46bb-b221-68ff631275d6,拐点,蔓延,蔓延,Exact normalized brand+name matched. Still review before merging if packaging/bar-specific naming differs.
candidate_0319,exact_brand_name_match,create_product_then_link_source_drinks,果味满满,,,回头客,回头客,,,,,,https://agtujigvxxdppngirqtu.supabase.co/storage/v1/object/public/taplist-media/283206e3-22d9-4a54-b8a5-70694b1ec062/drinks/d07741c4-3943-426c-af05-6908d7c4f63a/no-menu-beer-artwork__92_.jpg,,,active,production_drinks_2026-06-30_conservative_exact_key,2,2,0,2,d07741c4-3943-426c-af05-6908d7c4f63a|7dce1b6f-0f72-4a76-804b-29b514410ee0,283206e3-22d9-4a54-b8a5-70694b1ec062|c3af90db-9734-4750-927c-38f6b37fb3e0,果味满满,回头客,回头客,Exact normalized brand+name matched. Still review before merging if packaging/bar-specific naming differs.
candidate_0353,exact_brand_name_match,create_product_then_link_source_drinks,寒鸦与钟声,,,彼岸酿造,彼岸酿造,,,,,,https://agtujigvxxdppngirqtu.supabase.co/storage/v1/object/public/taplist-media/494bcf1f-8346-480f-a396-204b104c9313/drinks/d06d6219-2e87-4fb3-adf6-a1247f953050/no-menu-beer-artwork__1_.jpg,,,active,production_drinks_2026-06-30_conservative_exact_key,2,2,0,2,883c61a5-dac8-454b-b97a-e5296016faab|d06d6219-2e87-4fb3-adf6-a1247f953050,7aa1147c-5c8b-4c68-bc11-56ce34608689|494bcf1f-8346-480f-a396-204b104c9313,寒鸦与钟声,彼岸酿造,彼岸酿造,Exact normalized brand+name matched. Still review before merging if packaging/bar-specific naming differs.
candidate_0132,exact_brand_name_match,create_product_then_link_source_drinks,黄河之水,,,或不凡,或不凡,,,,,,,,,active,production_drinks_2026-06-30_conservative_exact_key,2,2,0,2,44a4429c-fb70-47a5-923b-370fce8f0108|b03bd279-f7e0-42f4-9692-b35ac88e408d,44a4429c-fb70-47a5-923b-370fce8f167e|81a90487-39c9-46bb-b221-68ff631275d6,黄河之水,或不凡,或不凡,Exact normalized brand+name matched. Still review before merging if packaging/bar-specific naming differs.
candidate_0358,exact_brand_name_match,create_product_then_link_source_drinks,今日与春风相会,,,云朴精酿,云朴精酿,,,,,,https://agtujigvxxdppngirqtu.supabase.co/storage/v1/object/public/taplist-media/494bcf1f-8346-480f-a396-204b104c9313/drinks/380ff1b2-db96-4791-a407-5d7b75bf0edf/no-menu-beer-artwork__3_.jpg,,,active,production_drinks_2026-06-30_conservative_exact_key,2,2,0,2,8edee3c4-0a93-4a56-ac1e-c036738d24da|380ff1b2-db96-4791-a407-5d7b75bf0edf,7aa1147c-5c8b-4c68-bc11-56ce34608689|494bcf1f-8346-480f-a396-204b104c9313,今日与春风相会,云朴精酿,云朴精酿,Exact normalized brand+name matched. Still review before merging if packaging/bar-specific naming differs.
candidate_0616,exact_brand_name_match,create_product_then_link_source_drinks,金标,,,小熊贝莲,小熊贝莲,拉格,5,,日本,,https://agtujigvxxdppngirqtu.supabase.co/storage/v1/object/public/taplist-media/7aa1147c-5c8b-4c68-bc11-56ce34608689/drinks/1daf6154-31c6-47a6-8a66-91d9aa9563a3/no-menu-beer-artwork__3_.jpg,,,active,production_drinks_2026-06-30_conservative_exact_key,2,2,2,2,1daf6154-31c6-47a6-8a66-91d9aa9563a3|9230ff47-4dac-4a8a-9bf6-bb86642d694d,7aa1147c-5c8b-4c68-bc11-56ce34608689|57d005da-1193-4bd2-955a-ef6b9653516d,金标,小熊贝莲,小熊贝莲,Exact normalized brand+name matched. Still review before merging if packaging/bar-specific naming differs.
candidate_0481,exact_brand_name_match,create_product_then_link_source_drinks,金狼之舞,,,虽吴,虽吴,APA,5,,苏州,,https://agtujigvxxdppngirqtu.supabase.co/storage/v1/object/public/taplist-media/7aa1147c-5c8b-4c68-bc11-56ce34608689/drinks/f157c23d-c2ee-4bcc-b6bf-20330d3af0da/no-menu-beer-artwork__51_.jpg,,,active,production_drinks_2026-06-30_conservative_exact_key,2,2,1,2,f157c23d-c2ee-4bcc-b6bf-20330d3af0da|572775af-27fb-4422-9669-8c29631e007b,7aa1147c-5c8b-4c68-bc11-56ce34608689|4d1da7d9-8b21-4706-b535-355b9ff79388,金狼之舞,虽吴,虽吴|虽吾,Exact normalized brand+name matched. Still review before merging if packaging/bar-specific naming differs.
candidate_0333,exact_brand_name_match,create_product_then_link_source_drinks,金星的日落,,,Fever,Fever,,,,,,https://agtujigvxxdppngirqtu.supabase.co/storage/v1/object/public/taplist-media/1cff208a-4424-4867-966d-a7839ac59f6f/drinks/c4d0361b-be49-4d06-abd3-39bf809cfe89/no-menu-beer-artwork__98_.jpg,,,active,production_drinks_2026-06-30_conservative_exact_key,2,2,0,2,c4d0361b-be49-4d06-abd3-39bf809cfe89|c00abd44-577a-4af3-903a-6b2751cf7eeb,1cff208a-4424-4867-966d-a7839ac59f6f|da21ab4e-93f7-49ca-8318-15fcbae24a93,金星的日落,Fever|FEVER,Fever|FEVER,Exact normalized brand+name matched. Still review before merging if packaging/bar-specific naming differs.
candidate_0601,exact_brand_name_match,create_product_then_link_source_drinks,酒花构建,,,蔓延,蔓延,像桃子酸IPA,6.9,,武汉,,https://agtujigvxxdppngirqtu.supabase.co/storage/v1/object/public/taplist-media/2c191730-69f6-4031-8256-91aa59e5bc52/drinks/b9d23b15-9628-4f05-9a93-b5d15364f4d8/no-menu-beer-artwork__43_.jpg,柔和的酸度率先打开味蕾，随后是成熟白桃般饱满而细腻的香气。 没有真实水果的参与，却能感受到桃皮的清香、果肉的甜润，以及咬开一颗熟桃时迸发出的多汁感。,柔和的酸度率先打开味蕾，随后是成熟白桃般饱满而细腻的香气。 没有真实水果的参与，却能感受到桃皮的清香、果肉的甜润，以及咬开一颗熟桃时迸发出的多汁感。,active,production_drinks_2026-06-30_conservative_exact_key,2,2,1,2,b9d23b15-9628-4f05-9a93-b5d15364f4d8|a3739ffb-d7d6-4975-b6ea-eb21520bc75d,2c191730-69f6-4031-8256-91aa59e5bc52|494bcf1f-8346-480f-a396-204b104c9313,酒花构建,蔓延,蔓延,Exact normalized brand+name matched. Still review before merging if packaging/bar-specific naming differs.
candidate_0554,exact_brand_name_match,create_product_then_link_source_drinks,卡里斯马,,,玄水屋,玄水屋,酸赛松,5.1,,西安,,https://agtujigvxxdppngirqtu.supabase.co/storage/v1/object/public/taplist-media/82bf1237-e90c-4379-a2bc-a6dad2726b93/drinks/8bb09053-199d-4aff-9d8e-734f384c1be0/no-menu-beer-artwork__7_.jpg,,,active,production_drinks_2026-06-30_conservative_exact_key,2,2,2,2,8bb09053-199d-4aff-9d8e-734f384c1be0|ab5380d2-9520-4b56-9ac2-eb0d257373bc,82bf1237-e90c-4379-a2bc-a6dad2726b93|13b6f277-ab0d-4c19-ba8a-d97a5af9f51d,卡里斯马,玄水屋,玄水屋,Exact normalized brand+name matched. Still review before merging if packaging/bar-specific naming differs.
candidate_0522,exact_brand_name_match,create_product_then_link_source_drinks,乱语,,,蔓延,蔓延,美式淡色艾尔,4.7,,武汉,,https://agtujigvxxdppngirqtu.supabase.co/storage/v1/object/public/taplist-media/13b6f277-ab0d-4c19-ba8a-d97a5af9f51d/drinks/538efcb1-34be-46b4-b670-f44920808c21/no-menu-beer-artwork__85_.jpg,,,active,production_drinks_2026-06-30_conservative_exact_key,2,2,1,2,538efcb1-34be-46b4-b670-f44920808c21|a6c15c93-04a9-4e82-8ec9-e2b269b25955,13b6f277-ab0d-4c19-ba8a-d97a5af9f51d|a4f4002f-fccd-41dd-bbc5-153d30fc5385,乱语,蔓延,蔓延,Exact normalized brand+name matched. Still review before merging if packaging/bar-specific naming differs.
candidate_0405,exact_brand_name_match,create_product_then_link_source_drinks,梦,,,疯熊工业,疯熊工业,西海岸淡色艾尔,5.2,,广州,,https://agtujigvxxdppngirqtu.supabase.co/storage/v1/object/public/taplist-media/831db2a1-ee47-4d88-9c0b-3e19a5668d6d/drinks/23fe2e86-210b-4689-b8fc-5d4add727c93/no-menu-beer-artwork__17_.jpg,,,active,production_drinks_2026-06-30_conservative_exact_key,2,2,1,2,23fe2e86-210b-4689-b8fc-5d4add727c93|f9bba99c-b740-4bc1-a1ca-4eed250ab178,831db2a1-ee47-4d88-9c0b-3e19a5668d6d|7cce9b27-acd5-4bdc-a302-153c8245a1c1,梦,疯熊工业,疯熊工业,Exact normalized brand+name matched. Still review before merging if packaging/bar-specific naming differs.
candidate_0446,exact_brand_name_match,create_product_then_link_source_drinks,蜜桃奶油,,,邪恶双子,邪恶双子,水果酸艾尔,6,,美国,,https://agtujigvxxdppngirqtu.supabase.co/storage/v1/object/public/taplist-media/57d005da-1193-4bd2-955a-ef6b9653516d/drinks/b35a74b6-d7d0-4a78-acce-1fd838d9a59c/no-menu-beer-artwork__20_.jpg,,,active,production_drinks_2026-06-30_conservative_exact_key,2,2,2,2,b35a74b6-d7d0-4a78-acce-1fd838d9a59c|7d71b097-40dc-448b-a323-8e5f6d193261,57d005da-1193-4bd2-955a-ef6b9653516d|a4f4002f-fccd-41dd-bbc5-153d30fc5385,蜜桃奶油,邪恶双子,邪恶双子,Exact normalized brand+name matched. Still review before merging if packaging/bar-specific naming differs.
candidate_0356,exact_brand_name_match,create_product_then_link_source_drinks,南部之星,,,彼岸酿造,彼岸酿造,,,,,,https://agtujigvxxdppngirqtu.supabase.co/storage/v1/object/public/taplist-media/494bcf1f-8346-480f-a396-204b104c9313/drinks/a013ee16-127e-428e-8123-246fd8f2dc7b/no-menu-beer-artwork__6_.jpg,,,active,production_drinks_2026-06-30_conservative_exact_key,2,2,0,2,6f6b7d63-7da0-4a77-a210-dc104843b43f|a013ee16-127e-428e-8123-246fd8f2dc7b,7aa1147c-5c8b-4c68-bc11-56ce34608689|494bcf1f-8346-480f-a396-204b104c9313,南部之星,彼岸酿造,彼岸酿造,Exact normalized brand+name matched. Still review before merging if packaging/bar-specific naming differs.
candidate_0461,exact_brand_name_match,create_product_then_link_source_drinks,轻硫醇皮尔森,,,疯熊,疯熊,,,,,,,,,active,production_drinks_2026-06-30_conservative_exact_key,2,2,0,2,d0813363-3501-46ab-9207-e2cef2ce63d2|01efc528-8874-4dcc-a4d2-1c5aba6774f6,7cce9b27-acd5-4bdc-a302-153c8245a1c1|283206e3-22d9-4a54-b8a5-70694b1ec062,轻硫醇皮尔森,疯熊,疯熊,Exact normalized brand+name matched. Still review before merging if packaging/bar-specific naming differs.
candidate_0168,exact_brand_name_match,create_product_then_link_source_drinks,全明,,,Fever,Fever,,,,,,https://agtujigvxxdppngirqtu.supabase.co/storage/v1/object/public/taplist-media/7aa1147c-5c8b-4c68-bc11-56ce34608689/drinks/4e8264e2-5521-4906-b387-478327c0f370/no-menu-beer-artwork_-_2026-06-08T022759.072.jpg,,,active,production_drinks_2026-06-30_conservative_exact_key,2,2,0,2,4d1da7d9-8b21-4706-b535-355b9ff70106|4e8264e2-5521-4906-b387-478327c0f370,4d1da7d9-8b21-4706-b535-355b9ff79388|7aa1147c-5c8b-4c68-bc11-56ce34608689,全明,Fever,Fever,Exact normalized brand+name matched. Still review before merging if packaging/bar-specific naming differs.
candidate_0282,exact_brand_name_match,create_product_then_link_source_drinks,全视之眼,,,生命长河,生命长河,,,,,,https://agtujigvxxdppngirqtu.supabase.co/storage/v1/object/public/taplist-media/81a90487-39c9-46bb-b221-68ff631275d6/drinks/5fcf9afb-e5ff-4da0-8bf1-c20f656f3e95/no-menu-beer-artwork__87_.jpg,,,active,production_drinks_2026-06-30_conservative_exact_key,2,1,0,2,7ca8030b-20ba-41f6-8282-dbbe4ace1297|5fcf9afb-e5ff-4da0-8bf1-c20f656f3e95,81a90487-39c9-46bb-b221-68ff631275d6,全视之眼,生命长河,生命长河,Exact normalized brand+name matched. Still review before merging if packaging/bar-specific naming differs.
candidate_0242,exact_brand_name_match,create_product_then_link_source_drinks,萨兹公爵,,,山丘,山丘,捷克拉格,5,,,,https://agtujigvxxdppngirqtu.supabase.co/storage/v1/object/public/taplist-media/13b6f277-ab0d-4c19-ba8a-d97a5af9f51d/drinks/543ccea4-600d-4859-972f-4f8b224475e6/no-menu-beer-artwork__21_.jpg,,,active,production_drinks_2026-06-30_conservative_exact_key,2,2,1,1,4c9ba575-a325-4bd1-b997-96e8af07c35c|543ccea4-600d-4859-972f-4f8b224475e6,81a90487-39c9-46bb-b221-68ff631275d6|13b6f277-ab0d-4c19-ba8a-d97a5af9f51d,萨兹公爵,山丘,山丘,Exact normalized brand+name matched. Still review before merging if packaging/bar-specific naming differs.
candidate_0228,exact_brand_name_match,create_product_then_link_source_drinks,山间酸,,,酒花农场,酒花农场,单一赤霞珠酸艾尔,6.8,,,,https://agtujigvxxdppngirqtu.supabase.co/storage/v1/object/public/taplist-media/81a90487-39c9-46bb-b221-68ff631275d6/drinks/49cd5820-2b58-4573-8c75-bb02a4ed6e94/no-menu-bar-cover__13_.jpg,精选天山北麓优质产区赤霰珠葡萄，玫红色半透明酒体，黑醋栗味及果香感十足,精选天山北麓优质产区赤霰珠葡萄，玫红色半透明酒体，黑醋栗味及果香感十足,active,production_drinks_2026-06-30_conservative_exact_key,2,1,1,2,187a4263-dcec-4e5c-9b3c-0d48d54c460d|49cd5820-2b58-4573-8c75-bb02a4ed6e94,81a90487-39c9-46bb-b221-68ff631275d6,山间酸,酒花农场,酒花农场,Exact normalized brand+name matched. Still review before merging if packaging/bar-specific naming differs.
candidate_0154,exact_brand_name_match,create_product_then_link_source_drinks,山麓,,,会饮,会饮,,,,,,https://agtujigvxxdppngirqtu.supabase.co/storage/v1/object/public/taplist-media/81a90487-39c9-46bb-b221-68ff631275d6/drinks/4361773b-0e19-4a36-ad8f-45e6290da109/no-menu-beer-artwork__25_.jpg,,,active,production_drinks_2026-06-30_conservative_exact_key,2,1,0,2,4361773b-0e19-4a36-ad8f-45e6290da109|83b96972-e52b-46d1-90a5-f44c326f73b8,81a90487-39c9-46bb-b221-68ff631275d6,山麓,会饮,会饮,Exact normalized brand+name matched. Still review before merging if packaging/bar-specific naming differs.
candidate_0496,exact_brand_name_match,create_product_then_link_source_drinks,少甜少冰,,,火碳,火碳,港式冻柠茶西打,4,,香港,,https://agtujigvxxdppngirqtu.supabase.co/storage/v1/object/public/taplist-media/3d6cb427-a8c3-4583-a7c4-5a3ad9f5f787/drinks/1f372356-505a-40c4-9928-34ffeb8f3366/no-menu-beer-artwork__42_.jpg,用正宗锡兰红茶为基底，搭配新鲜柠檬，完整复刻港式冻柠茶的经典风味。浓郁茶香、清新柠香，加上轻盈微气泡与4.0%酒精度，熟悉的港式味道，多了一点刚刚好的微醺感。,用正宗锡兰红茶为基底，搭配新鲜柠檬，完整复刻港式冻柠茶的经典风味。浓郁茶香、清新柠香，加上轻盈微气泡与4.0%酒精度，熟悉的港式味道，多了一点刚刚好的微醺感。,active,production_drinks_2026-06-30_conservative_exact_key,2,2,2,2,1f372356-505a-40c4-9928-34ffeb8f3366|a6bc8029-0967-4973-9d80-f94636e015c5,3d6cb427-a8c3-4583-a7c4-5a3ad9f5f787|81a90487-39c9-46bb-b221-68ff631275d6,少甜少冰,火碳,火碳,Exact normalized brand+name matched. Still review before merging if packaging/bar-specific naming differs.
candidate_0146,exact_brand_name_match,create_product_then_link_source_drinks,松弛,,,艾薇儿,艾薇儿,,,,,,https://agtujigvxxdppngirqtu.supabase.co/storage/v1/object/public/taplist-media/81a90487-39c9-46bb-b221-68ff631275d6/drinks/35e06199-2ec4-4f6d-a028-60f50a1f6412/no-menu-beer-artwork__30_.jpg,,,active,production_drinks_2026-06-30_conservative_exact_key,2,1,0,0,35e06199-2ec4-4f6d-a028-60f50a1f6412|d00c8aef-930f-48f9-b647-2651d85ad850,81a90487-39c9-46bb-b221-68ff631275d6,松弛,艾薇儿,艾薇儿,Exact normalized brand+name matched. Still review before merging if packaging/bar-specific naming differs.
candidate_0539,exact_brand_name_match,create_product_then_link_source_drinks,太平洋四重奏,,,明日酿造,明日酿造,DDH Pale Ale,5.8,,上海,,https://agtujigvxxdppngirqtu.supabase.co/storage/v1/object/public/taplist-media/b4c33fea-51e3-426d-9dfa-b13947153ac2/drinks/df10fd51-8f25-4354-a6f0-aac4956abb95/no-menu-beer-artwork__7_.jpg,,,active,production_drinks_2026-06-30_conservative_exact_key,2,2,2,2,df10fd51-8f25-4354-a6f0-aac4956abb95|f5fce418-7a79-46db-9043-0e296f9d4e93,b4c33fea-51e3-426d-9dfa-b13947153ac2|4d1da7d9-8b21-4706-b535-355b9ff79388,太平洋四重奏,明日酿造,明日酿造,Exact normalized brand+name matched. Still review before merging if packaging/bar-specific naming differs.
candidate_0147,exact_brand_name_match,create_product_then_link_source_drinks,突袭面包店,,,谷语者,谷语者,,,,,,https://agtujigvxxdppngirqtu.supabase.co/storage/v1/object/public/taplist-media/81a90487-39c9-46bb-b221-68ff631275d6/drinks/59704f0c-eb3a-4043-a45f-d86286454e29/no-menu-beer-artwork__24_.jpg,,,active,production_drinks_2026-06-30_conservative_exact_key,2,1,0,2,441c3a33-bb7f-4a33-9752-0c27f07c9887|59704f0c-eb3a-4043-a45f-d86286454e29,81a90487-39c9-46bb-b221-68ff631275d6,突袭面包店,谷语者,谷语者,Exact normalized brand+name matched. Still review before merging if packaging/bar-specific naming differs.
candidate_0153,exact_brand_name_match,create_product_then_link_source_drinks,瓦哈卡日出,,,远山,远山,,,,,,,,,active,production_drinks_2026-06-30_conservative_exact_key,2,1,0,0,39880dda-5289-4eb1-ad2c-8811e682bedc|507b3075-5e7e-4727-8e11-1b3a9c32d810,81a90487-39c9-46bb-b221-68ff631275d6,瓦哈卡日出,远山,远山,Exact normalized brand+name matched. Still review before merging if packaging/bar-specific naming differs.
candidate_0145,exact_brand_name_match,create_product_then_link_source_drinks,西普西普,,,卡布拉多,卡布拉多,,,,,,https://agtujigvxxdppngirqtu.supabase.co/storage/v1/object/public/taplist-media/81a90487-39c9-46bb-b221-68ff631275d6/drinks/b325cd7a-55c4-4c99-b8e9-365f48ea2275/no-menu-beer-artwork__27_.jpg,,,active,production_drinks_2026-06-30_conservative_exact_key,2,1,0,2,942742ae-5a27-48e8-b20c-90e1f02ee7c1|b325cd7a-55c4-4c99-b8e9-365f48ea2275,81a90487-39c9-46bb-b221-68ff631275d6,西普西普,卡布拉多,卡布拉多,Exact normalized brand+name matched. Still review before merging if packaging/bar-specific naming differs.
candidate_0210,exact_brand_name_match,create_product_then_link_source_drinks,下快攻,,,退界,退界,五月博克,7,,成都,,https://agtujigvxxdppngirqtu.supabase.co/storage/v1/object/public/taplist-media/c3af90db-9734-4750-927c-38f6b37fb3e0/drinks/fd72100b-c9bf-478b-af09-0c7de8bc7714/no-menu-beer-artwork__11_.jpg,,,active,production_drinks_2026-06-30_conservative_exact_key,2,2,1,2,c09f46e2-52b0-4892-aca2-46125657b75c|fd72100b-c9bf-478b-af09-0c7de8bc7714,57d005da-1193-4bd2-955a-ef6b9653516d|c3af90db-9734-4750-927c-38f6b37fb3e0,下快攻,退界,退界,Exact normalized brand+name matched. Still review before merging if packaging/bar-specific naming differs.
candidate_0624,exact_brand_name_match,create_product_then_link_source_drinks,夏沁,,,HESPER,HESPER,Sour Hoppy Lager,5,,东莞,,https://agtujigvxxdppngirqtu.supabase.co/storage/v1/object/public/taplist-media/494bcf1f-8346-480f-a396-204b104c9313/drinks/200d3537-5b05-490c-8d6f-6c59774efec0/no-menu-beer-artwork__13_.jpg,,,active,production_drinks_2026-06-30_conservative_exact_key,2,2,1,2,200d3537-5b05-490c-8d6f-6c59774efec0|b0175d6a-18a6-467a-a6c8-d4132ba461c5,494bcf1f-8346-480f-a396-204b104c9313|4d1da7d9-8b21-4706-b535-355b9ff79388,夏沁,HESPER,HESPER,Exact normalized brand+name matched. Still review before merging if packaging/bar-specific naming differs.
candidate_0152,exact_brand_name_match,create_product_then_link_source_drinks,小花冠,,,虽吴,虽吴,,,,,,https://agtujigvxxdppngirqtu.supabase.co/storage/v1/object/public/taplist-media/7aa1147c-5c8b-4c68-bc11-56ce34608689/drinks/d8368ac1-8dd5-40b8-b4bf-61e915e55372/no-menu-beer-artwork_-_2026-06-08T022655.125.jpg,,,active,production_drinks_2026-06-30_conservative_exact_key,2,2,0,2,3d6cb427-a8c3-4583-a7c4-5a3ad9f5f505|d8368ac1-8dd5-40b8-b4bf-61e915e55372,3d6cb427-a8c3-4583-a7c4-5a3ad9f5f787|7aa1147c-5c8b-4c68-bc11-56ce34608689,小花冠,虽吴,虽吴,Exact normalized brand+name matched. Still review before merging if packaging/bar-specific naming differs.
candidate_0432,exact_brand_name_match,create_product_then_link_source_drinks,小花冠,,,虽吾,虽吾,墨西哥拉格,4.2,,扬州,,https://agtujigvxxdppngirqtu.supabase.co/storage/v1/object/public/taplist-media/26597d55-8a12-4185-b3ef-cb9a3ac1773a/drinks/b5be827e-be9a-4016-a1bf-4bc82e264bd6/no-menu-beer-artwork__19_.jpg,,,active,production_drinks_2026-06-30_conservative_exact_key,2,2,1,2,25ba7d64-f634-4fc1-8957-78c0df84dff5|b5be827e-be9a-4016-a1bf-4bc82e264bd6,81a90487-39c9-46bb-b221-68ff631275d6|26597d55-8a12-4185-b3ef-cb9a3ac1773a,小花冠,虽吾,虽吾,Exact normalized brand+name matched. Still review before merging if packaging/bar-specific naming differs.
candidate_0504,exact_brand_name_match,create_product_then_link_source_drinks,笑脸,,,欧米尼珀罗,欧米尼珀罗,帝国甜点世涛,11,,瑞典,,https://agtujigvxxdppngirqtu.supabase.co/storage/v1/object/public/taplist-media/283206e3-22d9-4a54-b8a5-70694b1ec062/drinks/b300865d-4265-4f48-bf2a-1328062371b2/no-menu-beer-artwork__62_.jpg,,,active,production_drinks_2026-06-30_conservative_exact_key,2,2,1,2,b300865d-4265-4f48-bf2a-1328062371b2|da570bb8-80cb-4653-aa39-24f02bfb7685,283206e3-22d9-4a54-b8a5-70694b1ec062|7cce9b27-acd5-4bdc-a302-153c8245a1c1,笑脸,欧米尼珀罗,欧米尼珀罗,Exact normalized brand+name matched. Still review before merging if packaging/bar-specific naming differs.
candidate_0163,exact_brand_name_match,create_product_then_link_source_drinks,杏杏点灯,,,红男爵,红男爵,,,,,,https://agtujigvxxdppngirqtu.supabase.co/storage/v1/object/public/taplist-media/81a90487-39c9-46bb-b221-68ff631275d6/drinks/beedb802-845a-4bb4-a9e3-4e789ff5cac3/no-menu-bar-cover__12_.jpg,,,active,production_drinks_2026-06-30_conservative_exact_key,2,1,0,0,5042b6ff-3dcc-4328-98ef-70723b2cb2df|beedb802-845a-4bb4-a9e3-4e789ff5cac3,81a90487-39c9-46bb-b221-68ff631275d6,杏杏点灯,红男爵,红男爵,Exact normalized brand+name matched. Still review before merging if packaging/bar-specific naming differs.
candidate_0352,exact_brand_name_match,create_product_then_link_source_drinks,幸运,,,凯西,凯西,农舍艾尔,8,,美国,,https://agtujigvxxdppngirqtu.supabase.co/storage/v1/object/public/taplist-media/494bcf1f-8346-480f-a396-204b104c9313/drinks/0a93a6c0-dcf5-4c27-8a7b-51337de9d0fe/casey___.png,,,active,production_drinks_2026-06-30_conservative_exact_key,2,2,1,2,625c7605-6190-4ad8-b1c7-d815cc246a76|0a93a6c0-dcf5-4c27-8a7b-51337de9d0fe,7aa1147c-5c8b-4c68-bc11-56ce34608689|494bcf1f-8346-480f-a396-204b104c9313,幸运,凯西,凯西,Exact normalized brand+name matched. Still review before merging if packaging/bar-specific naming differs.
candidate_0508,exact_brand_name_match,create_product_then_link_source_drinks,玄骥,,,狸造,狸造,DDH黑IPA,7.2,,北京,,https://agtujigvxxdppngirqtu.supabase.co/storage/v1/object/public/taplist-media/1cff208a-4424-4867-966d-a7839ac59f6f/drinks/cbe7c458-88f3-44f3-94b8-2e4a64fa48f5/no-menu-beer-artwork__68_.jpg,,,active,production_drinks_2026-06-30_conservative_exact_key,2,2,2,2,cbe7c458-88f3-44f3-94b8-2e4a64fa48f5|4e208591-004f-4b8c-8ac0-d26731ba67e0,1cff208a-4424-4867-966d-a7839ac59f6f|13b6f277-ab0d-4c19-ba8a-d97a5af9f51d,玄骥,狸造,狸造,Exact normalized brand+name matched. Still review before merging if packaging/bar-specific naming differs.
candidate_0177,exact_brand_name_match,create_product_then_link_source_drinks,雪峰,,,风土,风土,,,,,,https://agtujigvxxdppngirqtu.supabase.co/storage/v1/object/public/taplist-media/81a90487-39c9-46bb-b221-68ff631275d6/drinks/a6f81396-900d-490f-bafb-a8065b3da2d6/no-menu-beer-artwork__29_.jpg,,,active,production_drinks_2026-06-30_conservative_exact_key,2,1,0,0,a6f81396-900d-490f-bafb-a8065b3da2d6|a82e17ca-55de-4a04-b328-0243fd17be38,81a90487-39c9-46bb-b221-68ff631275d6,雪峰,风土,风土,Exact normalized brand+name matched. Still review before merging if packaging/bar-specific naming differs.
candidate_0297,exact_brand_name_match,create_product_then_link_source_drinks,业劫,,,本末·特伦,本末·特伦,,,,,,https://agtujigvxxdppngirqtu.supabase.co/storage/v1/object/public/taplist-media/283206e3-22d9-4a54-b8a5-70694b1ec062/drinks/c72e93d8-ec7f-44a8-b69d-9492605e232e/__.jpg,,,active,production_drinks_2026-06-30_conservative_exact_key,2,2,0,2,c8eb822f-58e9-4d1d-bcfd-eab18fb972ae|c72e93d8-ec7f-44a8-b69d-9492605e232e,57d005da-1193-4bd2-955a-ef6b9653516d|283206e3-22d9-4a54-b8a5-70694b1ec062,业劫,本末·特伦,本末·特伦,Exact normalized brand+name matched. Still review before merging if packaging/bar-specific naming differs.
candidate_0148,exact_brand_name_match,create_product_then_link_source_drinks,夜莺,,,野鹅,野鹅,,,,,,https://agtujigvxxdppngirqtu.supabase.co/storage/v1/object/public/taplist-media/81a90487-39c9-46bb-b221-68ff631275d6/drinks/566e3c14-9c5b-488b-923e-b7f66cae978f/no-menu-beer-artwork__31_.jpg,,,active,production_drinks_2026-06-30_conservative_exact_key,2,1,0,2,7e6d6f74-d090-45f9-99a9-60e5ea81a3f7|566e3c14-9c5b-488b-923e-b7f66cae978f,81a90487-39c9-46bb-b221-68ff631275d6,夜莺,野鹅,野鹅,Exact normalized brand+name matched. Still review before merging if packaging/bar-specific naming differs.
candidate_0174,exact_brand_name_match,create_product_then_link_source_drinks,一丛殊花,,,赤屿谷盗,赤屿谷盗,,,,,,https://agtujigvxxdppngirqtu.supabase.co/storage/v1/object/public/taplist-media/4d1da7d9-8b21-4706-b535-355b9ff79388/drinks/4d1da7d9-8b21-4706-b535-355b9ff70107/no-menu-beer-artwork__23_.jpg,,,active,production_drinks_2026-06-30_conservative_exact_key,2,2,0,2,4d1da7d9-8b21-4706-b535-355b9ff70107|d293b32a-da03-42f3-a99b-23dd828b82ad,4d1da7d9-8b21-4706-b535-355b9ff79388|82bf1237-e90c-4379-a2bc-a6dad2726b93,一丛殊花,赤屿谷盗,赤屿谷盗,Exact normalized brand+name matched. Still review before merging if packaging/bar-specific naming differs.
candidate_0519,exact_brand_name_match,create_product_then_link_source_drinks,有限社交,,,TAPSTAR,TAPSTAR,美式淡色艾尔,5,,,,https://agtujigvxxdppngirqtu.supabase.co/storage/v1/object/public/taplist-media/2c191730-69f6-4031-8256-91aa59e5bc52/drinks/058d1c8e-4117-4caf-8dd5-a42a972d154c/no-menu-beer-artwork__75_.jpg,,,active,production_drinks_2026-06-30_conservative_exact_key,2,2,1,2,058d1c8e-4117-4caf-8dd5-a42a972d154c|826fac7c-6a10-4ff9-8b72-8798099efc22,2c191730-69f6-4031-8256-91aa59e5bc52|4d1da7d9-8b21-4706-b535-355b9ff79388,有限社交,TAPSTAR,TAPSTAR,Exact normalized brand+name matched. Still review before merging if packaging/bar-specific naming differs.
candidate_0622,exact_brand_name_match,create_product_then_link_source_drinks,玉米诱惑,,,美西,美西,墨西哥拉格,4.8,,成都,,https://agtujigvxxdppngirqtu.supabase.co/storage/v1/object/public/taplist-media/494bcf1f-8346-480f-a396-204b104c9313/drinks/9a21a89d-58b1-4bdf-a347-a2eda08f0ac1/no-menu-beer-artwork__10_.jpg,,,active,production_drinks_2026-06-30_conservative_exact_key,2,2,2,2,9a21a89d-58b1-4bdf-a347-a2eda08f0ac1|713f0c24-1fe7-48ed-b5a0-e0d704e473d9,494bcf1f-8346-480f-a396-204b104c9313|487685c5-99f1-463c-9e19-9eeea1cf6699,玉米诱惑,美西,美西,Exact normalized brand+name matched. Still review before merging if packaging/bar-specific naming differs.
candidate_0500,exact_brand_name_match,create_product_then_link_source_drinks,原始灵魂示意,,,凯西,凯西,野菌艾尔,5.8,,美国,,https://agtujigvxxdppngirqtu.supabase.co/storage/v1/object/public/taplist-media/283206e3-22d9-4a54-b8a5-70694b1ec062/drinks/fc162277-39d3-40ed-aa12-2bb52bcf44b7/no-menu-beer-artwork__63_.jpg,,,active,production_drinks_2026-06-30_conservative_exact_key,2,2,1,2,fc162277-39d3-40ed-aa12-2bb52bcf44b7|84d83ea6-eabf-4db2-8ed6-daad85be0413,283206e3-22d9-4a54-b8a5-70694b1ec062|7cce9b27-acd5-4bdc-a302-153c8245a1c1,原始灵魂示意,凯西,凯西,Exact normalized brand+name matched. Still review before merging if packaging/bar-specific naming differs.
candidate_0618,exact_brand_name_match,create_product_then_link_source_drinks,长夏有风,,,赤屿谷盗,赤屿谷盗,西海岸IPA,6.2,,海南,,https://agtujigvxxdppngirqtu.supabase.co/storage/v1/object/public/taplist-media/487685c5-99f1-463c-9e19-9eeea1cf6699/drinks/569be77d-646b-49a0-95e3-edc31914d3d6/no-menu-beer-artwork__35_.jpg,,,active,production_drinks_2026-06-30_conservative_exact_key,2,2,2,2,91439df4-d1b5-405c-b0d4-a879c5e8fa99|569be77d-646b-49a0-95e3-edc31914d3d6,27c1beca-c912-4f4a-bee5-3ccf0e5d981f|487685c5-99f1-463c-9e19-9eeea1cf6699,长夏有风,赤屿谷盗,赤屿谷盗,Exact normalized brand+name matched. Still review before merging if packaging/bar-specific naming differs.
candidate_0277,exact_brand_name_match,create_product_then_link_source_drinks,折射,,,Fever,Fever,美式IPA,6.1,34,西安,,https://agtujigvxxdppngirqtu.supabase.co/storage/v1/object/public/taplist-media/831db2a1-ee47-4d88-9c0b-3e19a5668d6d/drinks/cb6a4ae3-e071-44de-8fc8-0610ea588f19/no-menu-beer-artwork__84_.jpg,"干爽酒体中满是EI Dorado的菠萝味和
Segal农场的Cascade那种甜橙味，低苦度易饮，易饮，Lutra酵母能让这款酒慢慢都是酒花味，而没有任何酵母香气干扰。","干爽酒体中满是EI Dorado的菠萝味和
Segal农场的Cascade那种甜橙味，低苦度易饮，易饮，Lutra酵母能让这款酒慢慢都是酒花味，而没有任何酵母香气干扰。",active,production_drinks_2026-06-30_conservative_exact_key,2,2,1,2,cb6a4ae3-e071-44de-8fc8-0610ea588f19|ccefb5a0-df8c-4f8a-8354-26c6cd40fcb7,831db2a1-ee47-4d88-9c0b-3e19a5668d6d|494bcf1f-8346-480f-a396-204b104c9313,折射,Fever,Fever,Exact normalized brand+name matched. Still review before merging if packaging/bar-specific naming differs.
candidate_0524,exact_brand_name_match,create_product_then_link_source_drinks,中途乐园,,,蔓延,蔓延,西海岸IPA,7,,武汉,,https://agtujigvxxdppngirqtu.supabase.co/storage/v1/object/public/taplist-media/2c191730-69f6-4031-8256-91aa59e5bc52/drinks/3367c327-a397-4548-b63f-95fa7033cbdb/no-menu-beer-artwork__69_.jpg,,,active,production_drinks_2026-06-30_conservative_exact_key,2,2,1,2,3367c327-a397-4548-b63f-95fa7033cbdb|a61d54c8-a639-476e-824f-f59a21c6874e,2c191730-69f6-4031-8256-91aa59e5bc52|82bf1237-e90c-4379-a2bc-a6dad2726b93,中途乐园,蔓延,蔓延,Exact normalized brand+name matched. Still review before merging if packaging/bar-specific naming differs.
candidate_0371,exact_brand_name_match,create_product_then_link_source_drinks,紫露,,,洄游造物,洄游造物,,,,,,https://agtujigvxxdppngirqtu.supabase.co/storage/v1/object/public/taplist-media/81a90487-39c9-46bb-b221-68ff631275d6/drinks/68f9656e-427d-4757-9fed-b8f48b38a808/no-menu-event-image__2_.jpg,,,active,production_drinks_2026-06-30_conservative_exact_key,2,2,0,2,68f9656e-427d-4757-9fed-b8f48b38a808|aa28c24b-2738-4724-992d-bdc4b92c8387,81a90487-39c9-46bb-b221-68ff631275d6|7aa1147c-5c8b-4c68-bc11-56ce34608689,紫露,洄游造物,洄游造物,Exact normalized brand+name matched. Still review before merging if packaging/bar-specific naming differs.
candidate_0229,exact_brand_name_match,create_product_then_link_source_drinks,Fever,,,想象中的雨,想象中的雨,农舍艾尔：塞松,5.2,14,,,https://agtujigvxxdppngirqtu.supabase.co/storage/v1/object/public/taplist-media/81a90487-39c9-46bb-b221-68ff631275d6/drinks/5f5dee80-1a8c-43c0-a1ad-4d8d56aba001/no-menu-bar-cover__15_.jpg,,,active,production_drinks_2026-06-30_conservative_exact_key,2,1,1,2,a965113f-26bd-471a-9fd8-d5c7f9ede987|5f5dee80-1a8c-43c0-a1ad-4d8d56aba001,81a90487-39c9-46bb-b221-68ff631275d6,Fever,想象中的雨,想象中的雨|Fever,Exact normalized brand+name matched. Still review before merging if packaging/bar-specific naming differs.
